{
  "width": 1024,
  "height": 1024,
  "west": -324698.832031,
  "east": 425301.832031,
  "north": -375000.0,
  "south": 375000.0,
  "a": 99351.54438075177,
  "b": -52279.98678057696
}